rank,node,pagerank,in_degree,out_degree
1,D0775275,0.007204,11,0
2,D0832343,0.006924,21,0
3,D0772977,0.004989,6,0
4,D0695337,0.004828,10,0
5,D0798949,0.004748,11,0
6,D0827021,0.004340,15,4
7,D0803310,0.004086,8,0
8,D0970606,0.003901,9,0
9,D0818533,0.003683,10,2
10,D0832916,0.003451,5,0
